<?xml version="1.0" encoding="UTF-8"?>
<!DOCTYPE struts PUBLIC
    "-//Apache Software Foundation//DTD Struts Configuration 2.0//EN"
    "http://struts.apache.org/dtds/struts-2.0.dtd">

<struts>
	<constant name="struts.enable.DynamicMethodInvocation" value="true" />
	<constant name="struts.devMode" value="false" />

	<include file="struts-default.xml" />

	<package name="SSGL" extends="struts-default">
		<action name="EventSave" class="com.action.EventSaveAction">
			<result name="success">ss_insertSuccess.jsp</result>
			<result name="input">ss_index.jsp</result>
		</action>

		<action name="FindEventToAudit" class="com.action.FindEventToAuditAction">
			<result name="success">ss_list.jsp</result>
			<result name="input">ss_faild.jsp</result>
		</action>
		<action name="EventDeleteForUpdate" class="com.action.EventDeleteForUpdateAction">
			<result name="success">ss_newEvent.jsp</result>
			<result name="input">ss_faild.jsp</result>
		</action>



		<action name="FindEventRecords" class="com.action.FindEventRecordsAction">
			<result name="success">ss_listRecords.jsp</result>
			<result name="input">ss_faild.jsp</result>
		</action>
		
		<action name="UserFindEventRecords" class="com.action.FindEventRecordsAction">
			<result name="success">ss_userList.jsp</result>
			<result name="input">ss_faild.jsp</result>
		</action>

		<action name="FindEventRecordsToDelete" class="com.action.FindEventRecordsToDeleteAction">
			<result name="success">ss_listToDelete.jsp</result>
			<result name="input">ss_faild.jsp</result>
		</action>

		<action name="EventDelete" class="com.action.EventDeleteAction">
			<result name="success">ss_insertSuccess.jsp</result>
			<result name="input">ss_faild.jsp</result>
		</action>

		<action name="EventFailure" class="com.action.EventFailureAction">
			<result name="success">ss_insertSuccess.jsp</result>
			<result name="input">ss_faild.jsp</result>
		</action>
		<action name="EventPass" class="com.action.EventPassAction">
			<result name="success">ss_insertSuccess.jsp</result>
			<result name="input">ss_faild.jsp</result>
		</action>
		<action name="EventUpdate" class="com.action.EventUpdateAction">
			<result name="success">ss_insertSuccess.jsp</result>
			<result name="input">ss_faild.jsp</result>
		</action>
		<action name="FindEventRecordsToUpdate" class="com.action.FindEventRecordsToUpdateAction">
			<result name="success">ss_listToUpdate.jsp</result>
			<result name="input">ss_faild.jsp</result>
		</action>


	</package>
</struts>
