<?xml version="1.0" encoding="UTF-8"?>
<!DOCTYPE hibernate-mapping PUBLIC
      "-//Hibernate/Hibernate Mapping DTD 3.0//EN"
"http://hibernate.sourceforge.net/hibernate-mapping-3.0.dtd">

<hibernate-mapping package="com.po">
	<class name="com.po.Event_recordPO" table="eventapply">
		<id name="oid" column="Eventid" type="int">
			<generator class="native" />
		</id>


		<property name="Eventname" type="string" />
		<property name="Eventdetail" type="string" />
		<property name="Hosttime" type="string" />
		<property name="Applicator" type="string" />
		<property name="Teacher" type="string" />
		<property name="Host" type="string" />
		<property name="Hostplace" type="string" />
		<property name="Equipment" type="string" />
		<property name="status" type="string" />
	</class>
</hibernate-mapping>